LONG,LAT
-121.846552,48.281250
-121.948276,48.072917
-121.948276,48.020833
-121.948276,47.968750
-121.846552,47.968750
-121.846552,47.968750
-121.846552,47.916667
-121.846552,47.864583
-121.846552,47.864583
-121.846552,47.812500
-121.744828,47.812500
-121.744828,47.708333
-121.744828,47.708333
-121.744828,47.708333
-121.744828,47.656250
-121.744828,47.604167
-121.744828,47.552083
-121.744828,47.552083
-121.744828,47.500000
-121.744828,47.447917
-121.744828,47.447917
-121.744828,47.395833
-121.744828,47.395833
-121.744828,47.395833
-121.744828,47.343750
-121.643103,47.291667
-121.643103,47.239583
-121.643103,47.187500
-121.643103,47.135417
-121.643103,47.135417
-121.643103,47.083333
-121.643103,47.031250
-121.541379,46.979167
-121.541379,46.927083
-121.541379,46.875000
-121.541379,46.822917
-121.541379,46.822917
-121.541379,46.770833
-121.541379,46.770833
-121.541379,46.718750
-121.541379,46.718750
-121.541379,46.666667
-121.541379,46.666667
-121.643103,46.614583
-121.643103,46.614583
-121.643103,46.562500
-121.643103,46.562500
-121.744828,46.510417
-121.744828,46.458333
-121.744828,46.458333
-121.744828,46.406250
-121.744828,46.354167
-121.846552,46.354167
-121.846552,46.302083
-121.846552,46.302083
-121.846552,46.250000
-121.846552,46.197917
-121.846552,46.197917
-121.846552,46.197917
-121.846552,46.145833
-121.846552,46.145833
-121.846552,46.145833
-121.846552,46.093750
-121.846552,46.093750
-121.846552,46.041667
-121.846552,45.989583
-121.846552,45.937500
-121.846552,45.937500
-121.846552,45.885417
-121.846552,45.885417
-121.948276,45.833333
-121.948276,45.781250
-121.948276,45.781250
-121.948276,45.729167
-121.948276,45.729167
-121.948276,45.677083
-121.948276,45.677083
-121.948276,45.625000
-121.948276,45.625000
-121.948276,45.625000
-121.948276,45.625000
-121.948276,45.572917
-121.948276,45.572917
-121.948276,45.572917
-121.948276,45.520833
-121.948276,45.520833
-122.050000,45.468750
-122.050000,45.468750
-122.050000,45.364583
-122.050000,45.312500
-122.050000,45.312500
-122.050000,45.260417
-122.050000,45.260417
-122.050000,45.208333
-122.050000,45.208333
-122.050000,45.156250
-122.050000,45.156250
-122.050000,45.104167
-122.050000,45.052083
-122.050000,45.052083
-122.050000,45.000000
-122.050000,45.000000
-122.151724,44.895833
-122.151724,44.895833
-122.151724,44.843750
-122.151724,44.843750
-122.151724,44.843750
-122.151724,44.791667
-122.253448,44.791667
-122.253448,44.791667
-122.253448,44.791667
-122.253448,44.791667
-122.355172,44.739583
-122.355172,44.687500
-122.456897,44.635417
-122.456897,44.635417
-122.456897,44.635417
-122.558621,44.583333
-122.660345,44.583333
-122.660345,44.583333
-122.762069,44.583333
-122.762069,44.531250
-122.863793,44.531250
-122.863793,44.531250
-122.965517,44.531250
-122.965517,44.479167
-122.965517,44.479167
-123.067241,44.427083
-123.067241,44.427083
-123.067241,44.427083
-123.067241,44.322917
-123.067241,44.322917
-123.067241,44.270833
-123.067241,44.270833
-123.067241,44.270833
-123.067241,44.218750
-123.067241,44.218750
-123.067241,44.218750
-123.168966,44.166667
-123.168966,44.114583
-123.168966,44.062500
-123.168966,44.010417
-123.168966,43.906250
-123.168966,43.906250
-123.168966,43.802083
-123.168966,43.802083
-123.168966,43.802083
-123.067241,43.697917
-123.067241,43.645833
-123.067241,43.645833
-123.067241,43.645833
-123.067241,43.593750
-123.067241,43.593750
-123.067241,43.541667
-123.067241,43.489583
-123.067241,43.489583
-123.067241,43.489583
-122.965517,43.437500
-122.965517,43.437500
-122.965517,43.437500
-122.965517,43.333333
-122.965517,43.333333
-122.965517,43.333333
-122.863793,43.281250
-122.863793,43.281250
-122.863793,43.229167
-122.863793,43.229167
-122.863793,43.177083
-122.863793,43.177083
-122.863793,43.125000
-122.863793,43.125000
-122.762069,43.072917
-122.762069,43.072917
-122.762069,43.020833
-122.762069,42.968750
-122.762069,42.916667
-122.762069,42.916667
-122.762069,42.916667
-122.762069,42.812500
-122.660345,42.760417
-122.660345,42.708333
-122.660345,42.656250
-122.660345,42.656250
-122.660345,42.656250
-122.558621,42.552083
-122.558621,42.500000
-122.558621,42.500000
-122.558621,42.447917
-122.558621,42.395833
-122.558621,42.395833
-122.558621,42.343750
-122.558621,42.343750
-122.558621,42.343750
-122.558621,42.291667
-122.558621,42.291667
-122.558621,42.291667
-122.558621,42.239583
-122.558621,42.239583
-122.558621,42.187500
-122.558621,42.187500
-122.558621,42.187500
-122.558621,42.135417
-122.558621,42.135417
-122.558621,42.135417
-122.558621,42.083333
-122.558621,42.031250
-122.456897,42.031250
-122.456897,41.927083
-122.456897,41.875000
-122.456897,41.822917
-122.456897,41.822917
-122.456897,41.770833
-122.456897,41.770833
-122.456897,41.718750
-122.456897,41.666667
-122.456897,41.614583
-122.456897,41.562500
-122.456897,41.510417
-122.456897,41.458333
-122.456897,41.406250
-122.456897,41.354167
-122.456897,41.354167
-122.456897,41.302083
-122.355172,41.250000
-122.355172,41.197917
-122.355172,41.145833
-122.355172,41.041667
-122.355172,40.989583
-122.355172,40.937500
-122.355172,40.885417
-122.355172,40.885417
-122.355172,40.781250
-122.355172,40.729167
-122.355172,40.729167
-122.355172,40.677083
-122.355172,40.677083
-122.355172,40.625000
-122.355172,40.572917
-122.355172,40.572917
-122.355172,40.572917
-122.355172,40.520833
-122.355172,40.468750
-122.355172,40.416667
-122.253448,40.364583
-122.253448,40.260417
-122.253448,40.260417
-122.151724,40.260417
-122.151724,40.156250
-122.151724,40.104167
-122.050000,40.104167
-122.050000,40.104167
-122.050000,40.052083
-121.948276,40.000000
-121.948276,39.947917
-121.846552,39.895833
-121.846552,39.895833
-121.846552,39.843750
-121.846552,39.843750
-121.846552,39.843750
-121.846552,39.843750
-121.744828,39.843750
-121.744828,39.791667
-121.744828,39.791667
-121.744828,39.739583
-121.744828,39.739583
-121.744828,39.687500
-121.643103,39.635417
-121.643103,39.635417
-121.643103,39.583333
-121.643103,39.531250
-121.643103,39.479167
-121.643103,39.427083
-121.643103,39.375000
-121.541379,39.322917
-121.541379,39.322917
-121.541379,39.270833
-121.541379,39.270833
-121.541379,39.218750
-121.541379,39.166667
-121.541379,39.114583
-121.541379,39.062500
-121.541379,39.010417
-121.439655,39.010417
-121.439655,38.958333
-121.439655,38.906250
-121.439655,38.854167
-121.337931,38.802083
-121.337931,38.802083
-121.337931,38.750000
-121.337931,38.697917
-121.337931,38.697917
-121.337931,38.697917
-121.337931,38.645833
-121.337931,38.645833
-121.337931,38.593750
-121.236207,38.541667
-121.236207,38.489583
-121.236207,38.489583
-121.236207,38.437500
-121.236207,38.385417
-121.236207,38.385417
-121.236207,38.385417
-121.134483,38.281250
-121.134483,38.229167
-121.134483,38.177083
-121.134483,38.177083
-121.134483,38.177083
-121.032759,38.072917
-121.032759,38.072917
-121.032759,38.020833
-121.032759,37.968750
-121.032759,37.968750
-120.931034,37.864583
-120.829310,37.760417
-120.829310,37.708333
-120.829310,37.708333
-120.829310,37.656250
-120.829310,37.604167
-120.727586,37.552083
-120.727586,37.552083
-120.727586,37.500000
-120.727586,37.447917
-120.625862,37.395833
-120.625862,37.343750
-120.625862,37.291667
-120.625862,37.239583
-120.625862,37.187500
-120.524138,37.135417
-120.524138,37.031250
-120.524138,36.979167
-120.524138,36.927083
-120.524138,36.927083
-120.524138,36.875000
-120.524138,36.875000
-120.422414,36.875000
-120.422414,36.822917
-120.422414,36.822917
-120.320690,36.770833
-120.320690,36.718750
-120.218966,36.718750
-120.218966,36.718750
-120.218966,36.666667
-120.218966,36.666667
-120.117241,36.666667
-120.117241,36.614583
-120.015517,36.510417
-119.913793,36.458333
-119.913793,36.406250
-119.913793,36.406250
-119.913793,36.354167
-119.913793,36.302083
-119.913793,36.302083
-119.812069,36.302083
-119.812069,36.250000
-119.812069,36.250000
-119.812069,36.197917
-119.710345,36.197917
-119.710345,36.197917
-119.710345,36.197917
-119.710345,36.145833
-119.710345,36.145833
-119.710345,36.145833
-119.710345,36.093750
-119.608621,36.093750
-119.608621,36.093750
-119.608621,35.989583
-119.608621,35.989583
-119.608621,35.937500
-119.608621,35.937500
-119.608621,35.937500
-119.506897,35.885417
-119.405172,35.833333
-119.405172,35.781250
-119.303448,35.729167
-119.303448,35.677083
-119.201724,35.625000
-119.100000,35.572917
-119.100000,35.520833
-119.100000,35.468750
-118.998276,35.468750
-118.998276,35.468750
-118.998276,35.468750
-118.998276,35.416667
-118.896552,35.416667
-118.896552,35.416667
-118.896552,35.416667
-118.794828,35.416667
-118.794828,35.416667
-118.794828,35.416667
-118.693103,35.364583
-118.693103,35.312500
-118.693103,35.312500
-118.693103,35.312500
-118.591379,35.260417
-118.489655,35.208333
-118.387931,35.156250
-118.184483,35.052083
-118.082759,35.000000
-118.082759,35.000000
-117.981034,35.000000
-117.777586,34.843750
-117.777586,34.843750
-117.472414,34.635417
-117.370690,34.635417
-117.370690,34.635417
-117.370690,34.583333
-117.167241,34.531250
-117.065517,34.479167
-116.963793,34.427083
-116.862069,34.427083
-116.760345,34.322917
-116.658621,34.322917
-116.556897,34.270833
-116.556897,34.270833
-116.455172,34.218750
-116.455172,34.218750
-116.353448,34.166667
-116.353448,34.166667
-116.353448,34.166667
-116.353448,34.166667
-116.251724,34.166667
-116.251724,34.114583
-116.150000,34.114583
-116.048276,34.062500
-116.048276,34.062500
-115.946552,33.958333
-115.844828,33.958333
-115.844828,33.906250
-115.844828,33.906250
-115.844828,33.906250
-115.641379,33.802083
-115.641379,33.802083
-115.539655,33.750000
-115.539655,33.750000
-115.539655,33.697917
-115.539655,33.697917
-115.539655,33.697917
-115.437931,33.697917
-115.437931,33.645833
-115.336207,33.645833
-115.336207,33.593750
-115.234483,33.541667
-115.132759,33.541667
-115.031034,33.437500
-115.031034,33.437500
-114.929310,33.385417
-114.929310,33.385417
-114.827586,33.333333
-114.827586,33.333333
-114.725862,33.333333
-114.725862,33.281250
-114.624138,33.229167
-114.522414,33.177083
-114.420690,33.125000
-114.420690,33.125000
-114.318966,33.072917
-114.217241,33.072917
-114.217241,33.020833
-114.217241,33.020833
-114.115517,33.020833
-114.013793,33.020833
-114.013793,32.968750
-113.912069,32.916667
-113.810345,32.916667
-113.810345,32.916667
-113.708621,32.916667
-113.606897,32.864583
-113.606897,32.864583
-113.505172,32.812500
-113.505172,32.812500
-113.505172,32.812500
-113.403448,32.812500
-113.301724,32.760417
-113.301724,32.760417
-113.200000,32.760417
-113.098276,32.708333
-113.098276,32.708333
-113.098276,32.708333
-113.098276,32.656250
-112.894828,32.604167
-112.691379,32.500000
-112.487931,32.447917
-112.487931,32.447917
-112.386207,32.447917
-112.284483,32.447917
-112.284483,32.395833
-112.284483,32.395833
-112.182759,32.395833
-112.081034,32.395833
-112.081034,32.395833
-111.979310,32.395833
-111.877586,32.343750
-111.877586,32.343750
-111.877586,32.343750
-111.775862,32.343750
-111.674138,32.343750
-111.674138,32.343750
-111.572414,32.343750
-111.572414,32.343750
-111.572414,32.343750
-111.470690,32.343750
-111.368966,32.343750
-111.368966,32.343750
-111.368966,32.343750
-111.368966,32.343750
-111.368966,32.343750
-111.267241,32.343750
-111.165517,32.343750
-111.165517,32.343750
-111.165517,32.291667
-111.063793,32.291667
-110.962069,32.291667
-110.860345,32.291667
-110.758621,32.239583
-110.555172,32.187500
-110.453448,32.187500
-110.351724,32.187500
-110.148276,32.135417
-110.046552,32.135417
-109.843103,32.083333
-109.843103,32.083333
-109.741379,32.083333
-109.639655,32.083333
-109.537931,32.083333
-109.436207,32.083333
-109.436207,32.083333
-109.334483,32.083333
-109.334483,32.083333
-109.232759,32.083333
-109.131034,32.083333
-109.029310,32.083333
-109.029310,32.083333
-108.927586,32.031250
-108.927586,32.031250
-108.825862,32.031250
-108.622414,31.979167
-108.520690,31.979167
-108.520690,31.979167
-108.520690,31.979167
-108.418966,31.979167
-108.418966,31.979167
-108.317241,31.979167
-108.215517,31.927083
-108.215517,31.927083
-108.113793,31.927083
-108.012069,31.927083
-107.910345,31.927083
-107.910345,31.927083
-107.910345,31.927083
-107.808621,31.927083
-107.706897,31.927083
-107.605172,31.927083
-107.605172,31.927083
-107.401724,31.927083
-107.300000,31.927083
-107.198276,31.927083
-107.096552,31.927083
-106.994828,31.927083
-106.994828,31.927083
-106.893103,31.927083
-106.791379,31.927083
-106.791379,31.927083
-106.791379,31.927083
-106.689655,31.875000
-106.689655,31.875000
-106.689655,31.875000
-106.689655,31.875000
-106.587931,31.875000
-106.587931,31.875000
-106.486207,31.822917
-106.486207,31.822917
-106.384483,31.822917
-106.384483,31.822917
-106.282759,31.822917
-106.282759,31.770833
-106.181034,31.770833
-105.977586,31.718750
-105.875862,31.666667
-105.672414,31.562500
-105.468966,31.510417
-105.367241,31.458333
-105.265517,31.406250
-105.163793,31.354167
-105.163793,31.354167
-105.062069,31.354167
-104.960345,31.302083
-104.960345,31.250000
-104.858621,31.250000
-104.756897,31.250000
-104.756897,31.197917
-104.655172,31.197917
-104.553448,31.145833
-104.553448,31.145833
-104.350000,31.093750
-104.146552,31.093750
-104.146552,31.041667
-104.044828,31.041667
-104.044828,31.041667
-103.841379,30.989583
-103.841379,30.989583
-103.739655,30.989583
-103.637931,30.989583
-103.536207,30.989583
-103.434483,30.989583
-103.434483,30.989583
-103.434483,30.989583
-103.332759,30.989583
-103.231034,30.989583
-103.129310,30.989583
-103.129310,30.989583
-103.027586,30.989583
-103.027586,30.989583
-102.925862,30.989583
-102.925862,30.989583
-102.824138,30.989583
-102.824138,30.989583
-102.722414,30.989583
-102.722414,30.989583
-102.722414,30.989583
-102.620690,30.989583
-102.620690,30.937500
-102.417241,30.937500
-102.213793,30.885417
-102.213793,30.885417
-102.213793,30.885417
-102.112069,30.885417
-101.908621,30.833333
-101.806897,30.833333
-101.603448,30.833333
-101.501724,30.833333
-101.501724,30.833333
-101.400000,30.833333
-101.298276,30.833333
-101.196552,30.833333
-101.196552,30.833333
-101.094828,30.833333
-101.094828,30.833333
-100.993103,30.833333
-100.993103,30.833333
-100.891379,30.833333
-100.891379,30.833333
-100.789655,30.833333
-100.687931,30.833333
-100.687931,30.833333
-100.586207,30.833333
-100.586207,30.833333
-100.484483,30.833333
-100.484483,30.833333
-100.382759,30.833333
-100.382759,30.833333
-100.281034,30.833333
-100.281034,30.833333
-100.179310,30.833333
-100.179310,30.833333
-100.077586,30.781250
-100.077586,30.781250
-99.975862,30.781250
-99.975862,30.781250
-99.975862,30.781250
-99.874138,30.729167
-99.874138,30.729167
-99.772414,30.729167
-99.772414,30.729167
-99.568966,30.729167
-99.467241,30.677083
-99.365517,30.625000
-99.263793,30.572917
-99.263793,30.572917
-99.263793,30.572917
-99.162069,30.572917
-99.162069,30.572917
-98.958621,30.520833
-98.958621,30.520833
-98.958621,30.520833
-98.856897,30.520833
-98.755172,30.468750
-98.755172,30.468750
-98.653448,30.468750
-98.551724,30.416667
-98.450000,30.416667
-98.450000,30.416667
-98.348276,30.416667
-98.348276,30.416667
-98.246552,30.364583
-98.144828,30.312500
-98.043103,30.260417
-98.043103,30.260417
-98.043103,30.260417
-97.941379,30.260417
-97.941379,30.260417
-97.941379,30.260417
-97.839655,30.260417
-97.839655,30.260417
-97.737931,30.208333
-97.737931,30.208333
-97.737931,30.208333
-97.636207,30.208333
-97.636207,30.208333
-97.534483,30.208333
-97.534483,30.156250
-97.432759,30.156250
-97.432759,30.156250
-97.432759,30.156250
-97.331034,30.156250
-97.331034,30.156250
-97.331034,30.156250
-97.229310,30.156250
-97.127586,30.208333
-97.025862,30.260417
-97.025862,30.312500
-96.924138,30.364583
-96.924138,30.364583
-96.924138,30.416667
-96.924138,30.416667
-96.924138,30.416667
-97.025862,30.468750
-97.025862,30.468750
-97.025862,30.468750
-97.025862,30.468750
-97.025862,30.520833
-97.025862,30.520833
-97.025862,30.572917
-97.127586,30.572917
-97.127586,30.572917
-97.229310,30.625000
-97.229310,30.625000
-97.229310,30.677083
-97.229310,30.677083
-97.229310,30.729167
-97.229310,30.729167
-97.331034,30.781250
-97.432759,30.833333
-97.432759,30.833333
-97.534483,30.937500
-97.636207,30.989583
-97.737931,31.041667
-97.941379,31.197917
-97.941379,31.197917
-97.941379,31.250000
-97.941379,31.250000
-98.043103,31.354167
-98.144828,31.406250
-98.144828,31.458333
-98.246552,31.510417
-98.348276,31.510417
-98.348276,31.562500
-98.348276,31.562500
-98.348276,31.562500
-98.450000,31.562500
-98.348276,31.562500
-98.450000,31.614583
-98.653448,31.666667
-98.653448,31.666667
-98.653448,31.666667
-98.653448,31.666667
-98.653448,31.718750
-98.653448,31.666667
-98.348276,31.562500
-98.246552,31.510417
-98.144828,31.458333
-98.144828,31.458333
-98.144828,31.458333
-98.043103,31.458333
-98.043103,31.458333
-98.043103,31.458333
-97.941379,31.510417
-97.941379,31.510417
-97.941379,31.510417
-97.941379,31.510417
-97.941379,31.510417
-97.839655,31.510417
-97.839655,31.562500
-97.839655,31.614583
-97.737931,31.614583
-97.636207,31.666667
-97.636207,31.666667
-97.534483,31.718750
-97.534483,31.718750
-97.432759,31.718750
-97.331034,31.770833
-97.229310,31.770833
-97.127586,31.770833
-97.127586,31.822917
-97.025862,31.822917
-96.924138,31.822917
-96.720690,31.822917
-96.517241,31.875000
-96.517241,31.875000
-96.415517,31.875000
-96.415517,31.875000
-96.313793,31.875000
-96.313793,31.875000
-96.313793,31.875000
-96.212069,31.875000
-96.110345,31.875000
-96.110345,31.875000
-96.008621,31.875000
-95.906897,31.875000
-95.805172,31.875000
-95.703448,31.875000
-95.703448,31.875000
-95.601724,31.875000
-95.601724,31.875000
-95.398276,31.875000
-95.194828,31.927083
-95.093103,31.927083
-95.093103,31.927083
-94.991379,31.927083
-94.991379,31.927083
-94.889655,31.927083
-94.889655,31.927083
-94.787931,31.927083
-94.787931,31.927083
-94.686207,31.927083
-94.686207,31.927083
-94.686207,31.927083
-94.686207,31.927083
-94.686207,31.927083
-94.686207,31.927083
-94.686207,31.979167
-94.686207,31.979167
-94.482759,31.927083
-94.381034,31.979167
-94.279310,31.979167
-94.075862,31.979167
-93.974138,31.979167
-93.974138,31.979167
-93.974138,31.979167
-93.974138,31.979167
-93.872414,32.031250
-93.770690,32.031250
-93.770690,32.031250
-93.668966,32.031250
-93.567241,32.083333
-93.363793,32.083333
-93.363793,32.135417
-93.262069,32.135417
-93.262069,32.135417
-93.160345,32.135417
-93.160345,32.135417
-92.956897,32.083333
-92.855172,32.083333
-92.753448,32.031250
-92.753448,32.031250
-92.651724,32.031250
-92.651724,32.031250
-92.550000,32.031250
-92.550000,32.031250
-92.346552,32.031250
-92.346552,32.031250
-92.244828,32.031250
-92.244828,31.979167
-92.041379,31.927083
-92.041379,31.927083
-91.939655,31.927083
-91.837931,31.875000
-91.736207,31.875000
-91.736207,31.875000
-91.736207,31.875000
-91.329310,31.927083
-91.125862,31.927083
-91.125862,31.927083
-91.024138,31.927083
-90.922414,31.875000
-90.820690,31.875000
-90.718966,31.875000
-90.515517,31.875000
-90.413793,31.875000
-90.312069,31.875000
-90.210345,31.875000
-90.108621,31.927083
-90.006897,31.927083
-90.006897,31.927083
-89.803448,31.979167
-89.701724,32.031250
-89.600000,32.031250
-89.498276,32.083333
-89.498276,32.083333
-89.396552,32.083333
-89.294828,32.083333
-89.193103,32.083333
-89.091379,32.083333
-89.091379,32.135417
-88.989655,32.135417
-88.989655,32.187500
-88.989655,32.187500
-88.989655,32.187500
-88.989655,32.239583
-88.887931,32.239583
-88.887931,32.343750
-88.887931,32.447917
-88.786207,32.500000
-88.786207,32.552083
-88.786207,32.552083
-88.786207,32.552083
-88.684483,32.552083
-88.684483,32.552083
-88.684483,32.552083
-88.684483,32.552083
-88.582759,32.604167
-88.582759,32.604167
-88.582759,32.604167
-88.582759,32.604167
-88.582759,32.604167
-88.481034,32.604167
-88.481034,32.604167
-88.481034,32.604167
-88.481034,32.604167
-88.379310,32.656250
-88.379310,32.656250
-88.379310,32.708333
-88.277586,32.708333
-88.277586,32.760417
-88.277586,32.812500
-88.277586,32.812500
-88.277586,32.864583
-88.175862,32.864583
-88.175862,32.864583
-88.175862,32.916667
-88.175862,32.916667
-88.074138,32.916667
-88.074138,32.916667
-88.074138,32.968750
-88.074138,32.968750
-87.972414,32.968750
-87.972414,33.020833
-87.870690,33.125000
-87.667241,33.177083
-87.667241,33.177083
-87.667241,33.229167
-87.565517,33.281250
-87.565517,33.281250
-87.565517,33.333333
-87.463793,33.333333
-87.463793,33.385417
-87.463793,33.437500
-87.463793,33.437500
-87.362069,33.437500
-87.362069,33.437500
-87.362069,33.489583
-87.260345,33.541667
-87.260345,33.593750
-87.260345,33.697917
-87.260345,33.802083
-87.260345,33.854167
-87.260345,33.854167
-87.565517,33.958333
-87.667241,34.062500
-87.667241,34.114583
-87.768966,34.166667
-87.768966,34.166667
-87.768966,34.218750
-87.768966,34.218750
-87.870690,34.270833
-87.870690,34.270833
-87.870690,34.322917
-87.870690,34.322917
-87.870690,34.375000
-87.870690,34.375000
-87.870690,34.375000
-87.870690,34.375000
-87.768966,34.427083
-87.768966,34.427083
-87.667241,34.531250
-87.565517,34.583333
-87.565517,34.635417
-87.565517,34.687500
-87.463793,34.687500
-87.463793,34.687500
-87.463793,34.687500
-87.362069,34.739583
-87.362069,34.791667
-87.260345,34.791667
-87.158621,34.843750
-87.158621,34.843750
-87.158621,34.843750
-87.056897,34.843750
-87.056897,34.895833
-86.955172,34.895833
-86.955172,34.895833
-86.853448,34.947917
-86.751724,34.947917
-86.548276,34.947917
-86.446552,34.947917
-86.446552,34.947917
-86.344828,34.947917
-86.344828,34.947917
-86.243103,34.947917
-86.141379,34.947917
-86.141379,34.947917
-86.039655,34.947917
-86.039655,34.947917
-85.937931,34.947917
-85.937931,34.947917
-85.836207,34.947917
-85.836207,34.947917
-85.836207,34.947917
-85.734483,35.000000
-85.734483,35.000000
-85.632759,35.000000
-85.531034,35.104167
-85.429310,35.104167
-85.429310,35.104167
-85.327586,35.156250
-85.225862,35.208333
-85.225862,35.208333
-85.124138,35.260417
-85.124138,35.260417
-85.124138,35.260417
-85.022414,35.260417
-85.022414,35.312500
-84.920690,35.312500
-84.818966,35.364583
-84.717241,35.416667
-84.615517,35.468750
-84.513793,35.520833
-84.412069,35.520833
-84.412069,35.520833
-84.310345,35.520833
-84.310345,35.520833
-84.310345,35.520833
-84.208621,35.520833
-84.208621,35.520833
-84.208621,35.520833
-84.208621,35.520833
-84.106897,35.520833
-84.005172,35.520833
-83.903448,35.520833
-83.903448,35.520833
-83.903448,35.520833
-83.801724,35.520833
-83.700000,35.520833
-83.700000,35.520833
-83.496552,35.520833
-83.496552,35.520833
-83.496552,35.520833
-83.496552,35.520833
-83.394828,35.520833
-83.293103,35.520833
-83.293103,35.572917
-83.191379,35.572917
-83.191379,35.572917
-83.191379,35.572917
-83.089655,35.625000
-82.987931,35.625000
-82.987931,35.625000
-82.886207,35.625000
-82.886207,35.677083
-82.886207,35.677083
-82.886207,35.677083
-82.784483,35.729167
-82.784483,35.729167
-82.784483,35.729167
-82.784483,35.729167
-82.682759,35.729167
-82.682759,35.729167
-82.682759,35.729167
-82.581034,35.729167
-82.581034,35.781250
-82.581034,35.781250
-82.479310,35.833333
-82.479310,35.833333
-82.377586,35.833333
-82.377586,35.885417
-82.377586,35.885417
-82.377586,35.885417
-82.275862,35.989583
-82.174138,36.041667
-82.174138,36.093750
-82.174138,36.093750
-82.072414,36.093750
-82.072414,36.093750
-82.072414,36.093750
-81.970690,36.093750
-81.970690,36.093750
-81.970690,36.145833
-81.970690,36.145833
-81.970690,36.250000
-81.868966,36.510417
-81.665517,36.666667
-81.563793,36.770833
-81.563793,36.770833
-81.563793,36.822917
-81.462069,36.979167
-81.462069,36.979167
-81.360345,36.979167
-81.360345,37.031250
-81.360345,37.031250
-81.360345,37.083333
-81.258621,37.187500
-81.156897,37.187500
-81.156897,37.239583
-81.156897,37.239583
-81.156897,37.239583
-81.258621,37.291667
-81.258621,37.343750
-81.258621,37.343750
-81.258621,37.343750
-81.258621,37.395833
-81.258621,37.447917
-81.360345,37.500000
-81.360345,37.500000
-81.360345,37.500000
-81.360345,37.500000
-81.258621,37.552083
-81.258621,37.552083
-81.258621,37.552083
-81.156897,37.604167
-81.055172,37.656250
-80.851724,37.760417
-80.851724,37.812500
-80.953448,37.812500
-80.953448,37.812500
-80.953448,37.864583
-80.953448,37.864583
-81.055172,37.864583
-81.055172,37.968750
-81.055172,37.968750
-81.055172,37.968750
-81.055172,38.020833
-81.156897,38.072917
-81.156897,38.125000
-81.156897,38.125000
-81.156897,38.177083
-81.156897,38.177083
-81.156897,38.281250
-81.258621,38.385417
-81.258621,38.593750
-81.258621,38.750000
-81.258621,38.802083
-81.258621,38.802083
-81.360345,38.958333
-81.360345,39.010417
-81.360345,39.114583
-81.462069,39.218750
-81.462069,39.270833
-81.563793,39.322917
-81.563793,39.322917
-81.665517,39.427083
-81.665517,39.427083
-81.767241,39.427083
-81.767241,39.479167
-81.868966,39.531250
-81.868966,39.583333
-81.970690,39.583333
-82.072414,39.635417
-82.072414,39.687500
-82.174138,39.739583
-82.275862,39.791667
-82.275862,39.791667
-82.377586,39.791667
-82.377586,39.843750
-82.479310,39.843750
-82.479310,39.843750
-82.581034,39.843750
-82.581034,39.895833
-82.682759,39.895833
-82.784483,39.895833
-82.784483,39.895833
-82.784483,39.895833
-82.886207,39.895833
-82.886207,39.947917
-82.886207,39.947917
-82.886207,39.947917
-82.886207,39.947917
-82.987931,39.947917
-82.987931,39.947917
-83.089655,39.947917
-83.089655,39.947917
-83.089655,39.947917
-83.089655,39.947917
-83.191379,39.947917
-83.191379,39.895833
-83.191379,39.895833
-83.191379,39.895833
-83.293103,39.895833
-83.293103,39.895833
-83.293103,39.895833
-83.293103,39.843750
-83.293103,39.843750
-83.394828,39.843750
-83.394828,39.843750
-83.394828,39.843750
-83.394828,39.843750
-83.496552,39.791667
-83.496552,39.791667
-83.496552,39.791667
-83.496552,39.791667
-83.496552,39.791667
-83.598276,39.739583
-83.598276,39.739583
-83.598276,39.739583
-83.700000,39.687500
-83.700000,39.687500
-83.700000,39.687500
-83.801724,39.687500
-83.801724,39.687500
-83.801724,39.687500
-83.903448,39.687500
-84.005172,39.687500
-84.005172,39.687500
-84.005172,39.687500
-84.005172,39.687500
-84.106897,39.687500
-84.106897,39.687500
-84.208621,39.635417
-84.208621,39.635417
-84.208621,39.583333
-84.310345,39.583333
-84.310345,39.479167
-84.412069,39.479167
-84.412069,39.479167
-84.412069,39.479167
-84.513793,39.479167
-84.513793,39.479167
-84.513793,39.479167
-84.615517,39.479167
-84.717241,39.479167
-84.818966,39.479167
-84.920690,39.479167
-84.920690,39.427083
-84.920690,39.375000
-85.022414,39.375000
-85.022414,39.375000
-85.124138,39.375000
-85.124138,39.375000
-85.225862,39.322917
-85.225862,39.322917
-85.225862,39.322917
-85.327586,39.270833
-85.327586,39.218750
-85.429310,39.218750
-85.429310,39.218750
-85.531034,39.218750
-85.531034,39.166667
-85.632759,39.166667
-85.632759,39.166667
-85.734483,39.166667
-85.734483,39.166667
-85.734483,39.166667
-85.734483,39.166667
-85.836207,39.166667
-85.836207,39.114583
-85.937931,39.114583
-86.039655,39.114583
-86.141379,39.062500
-86.141379,39.062500
-86.243103,39.062500
-86.344828,39.010417
-86.344828,39.010417
-86.446552,39.010417
-86.446552,39.010417
-86.548276,39.010417
-86.548276,39.010417
-86.650000,39.010417
-86.650000,39.010417
-86.751724,39.010417
-86.853448,39.010417
-86.853448,39.010417
-86.955172,39.010417
-86.955172,39.010417
-87.056897,39.010417
-87.056897,39.010417
-87.158621,39.010417
-87.158621,39.062500
-87.158621,39.062500
-87.260345,39.062500
-87.260345,39.062500
-87.362069,39.062500
-87.362069,39.062500
-87.463793,39.062500
-87.565517,39.062500
-87.667241,39.062500
-87.768966,39.114583
-87.768966,39.114583
-87.870690,39.114583
-87.972414,39.114583
-87.972414,39.114583
-88.074138,39.114583
-88.074138,39.114583
-88.175862,39.114583
-88.277586,39.114583
-88.277586,39.114583
-88.379310,39.114583
-88.379310,39.114583
-88.481034,39.166667
-88.582759,39.166667
-88.582759,39.166667
-88.684483,39.166667
-88.684483,39.166667
-88.786207,39.218750
-88.887931,39.218750
-88.887931,39.218750
-88.887931,39.270833
-88.989655,39.270833
-89.091379,39.270833
-89.091379,39.270833
-89.091379,39.270833
-89.193103,39.270833
-89.193103,39.270833
-89.193103,39.270833
-89.193103,39.270833
-89.294828,39.270833
-89.294828,39.322917
-89.294828,39.322917
-89.396552,39.322917
-89.396552,39.322917
-89.396552,39.322917
-89.396552,39.322917
-89.498276,39.322917
-89.498276,39.322917
-89.498276,39.322917
-89.498276,39.322917
-89.600000,39.375000
-89.600000,39.375000
-89.701724,39.375000
-89.803448,39.427083
-89.905172,39.427083
-90.006897,39.479167
-90.210345,39.531250
-90.312069,39.531250
-90.515517,39.583333
-90.617241,39.583333
-90.718966,39.635417
-90.718966,39.635417
-90.718966,39.635417
-90.820690,39.635417
-90.820690,39.687500
-90.820690,39.687500
-90.922414,39.687500
-91.024138,39.687500
-91.024138,39.687500
-91.125862,39.739583
-91.227586,39.739583
-91.227586,39.739583
-91.329310,39.739583
-91.329310,39.739583
-91.431034,39.791667
-91.431034,39.791667
-91.431034,39.791667
-91.532759,39.791667
-91.634483,39.843750
-91.634483,39.843750
-91.634483,39.843750
-91.634483,39.843750
-91.736207,39.843750
-91.736207,39.843750
-91.736207,39.895833
-91.736207,39.895833
-91.736207,39.895833
-91.736207,39.895833
-91.736207,39.895833
-91.634483,39.895833
-91.634483,39.947917
-91.634483,39.947917
-91.634483,39.947917
-91.634483,39.947917
-91.634483,39.947917
-91.532759,39.947917
-91.532759,39.947917
-91.532759,39.947917
-91.532759,40.000000
-91.532759,40.000000
-91.532759,40.000000
-91.431034,40.000000
-91.431034,40.052083
-91.431034,40.052083
-91.431034,40.052083
-91.431034,40.104167
-91.329310,40.104167
-91.329310,40.156250
-91.329310,40.156250
-91.329310,40.208333
-91.329310,40.260417
-91.329310,40.416667
-91.227586,40.416667
-91.227586,40.416667
-91.329310,40.416667
-91.329310,40.468750
-91.329310,40.468750
-91.329310,40.520833
-91.329310,40.520833
-91.329310,40.520833
-91.329310,40.520833
-91.329310,40.572917
-91.329310,40.572917
-91.329310,40.625000
-91.329310,40.625000
-91.329310,40.677083
-91.329310,40.677083
-91.431034,40.729167
-91.431034,40.729167
-91.431034,40.781250
-91.532759,40.781250
-91.532759,40.833333
-91.532759,40.833333
-91.532759,40.885417
-91.532759,40.885417
-91.634483,40.989583
-91.634483,40.989583
-91.634483,41.041667
-91.736207,41.041667
-91.736207,41.093750
-91.736207,41.093750
-91.736207,41.145833
-91.736207,41.145833
-91.736207,41.145833
-91.736207,41.145833
-91.736207,41.197917
-91.736207,41.197917
-91.736207,41.197917
-91.736207,41.197917
-91.736207,41.250000
-91.736207,41.250000
-91.736207,41.250000
-91.837931,41.302083
-91.837931,41.302083
-91.837931,41.354167
-91.837931,41.354167
-91.939655,41.406250
-91.939655,41.406250
-91.939655,41.458333
-92.041379,41.458333
-92.041379,41.458333
-92.041379,41.458333
-92.041379,41.510417
-92.041379,41.562500
-92.041379,41.562500
-92.041379,41.614583
-92.143103,41.614583
-92.143103,41.614583
-92.143103,41.614583
-92.143103,41.666667
-92.143103,41.666667
-92.143103,41.666667
-92.143103,41.718750
-92.244828,41.770833
-92.244828,41.770833
-92.244828,41.770833
-92.244828,41.822917
-92.244828,41.822917
-92.244828,41.875000
-92.346552,41.875000
-92.346552,41.875000
-92.346552,41.927083
-92.346552,41.927083
-92.346552,41.927083
-92.346552,41.979167
-92.346552,41.979167
-92.346552,41.979167
-92.448276,42.031250
-92.448276,42.083333
-92.448276,42.135417
-92.550000,42.135417
-92.550000,42.187500
-92.550000,42.187500
-92.550000,42.239583
-92.550000,42.239583
-92.651724,42.239583
-92.651724,42.343750
-92.651724,42.343750
-92.651724,42.395833
-92.651724,42.395833
-92.651724,42.447917
-92.651724,42.447917
-92.651724,42.500000
-92.651724,42.500000
-92.651724,42.552083
-92.651724,42.604167
-92.651724,42.656250
-92.651724,42.656250
-92.651724,42.708333
-92.651724,42.708333
-92.753448,42.760417
-92.753448,42.760417
-92.753448,42.812500
-92.753448,42.864583
-92.753448,42.864583
-92.753448,42.916667
-92.753448,42.916667
-92.753448,42.916667
-92.753448,42.968750
-92.753448,42.968750
-92.753448,43.020833
-92.753448,43.020833
-92.753448,43.125000
-92.753448,43.125000
-92.753448,43.177083
-92.753448,43.177083
-92.753448,43.229167
-92.753448,43.229167
-92.753448,43.281250
-92.753448,43.281250
-92.753448,43.281250
-92.753448,43.333333
-92.753448,43.333333
-92.855172,43.385417
-92.956897,43.385417
-92.956897,43.437500
-93.058621,43.437500
-93.058621,43.489583
-93.160345,43.541667
-93.160345,43.541667
-93.262069,43.541667
-93.262069,43.593750
-93.465517,43.697917
-93.567241,43.750000
-93.567241,43.802083
-93.668966,43.802083
-93.668966,43.854167
-93.770690,43.906250
-93.770690,43.958333
-93.872414,44.010417
-93.872414,44.010417
-93.974138,44.114583
-93.974138,44.166667
-93.974138,44.218750
-94.075862,44.270833
-94.075862,44.322917
-94.075862,44.322917
-94.177586,44.375000
-94.177586,44.375000
-94.177586,44.427083
-94.177586,44.427083
-94.279310,44.479167
-94.279310,44.479167
-94.279310,44.531250
-94.279310,44.531250
-94.381034,44.583333
-94.381034,44.635417
-94.482759,44.635417
-94.482759,44.687500
-94.584483,44.739583
-94.584483,44.739583
-94.686207,44.791667
-94.686207,44.843750
-94.686207,44.843750
-94.787931,44.947917
-94.787931,44.947917
-94.889655,45.000000
-94.889655,45.052083
-94.889655,45.052083
-95.093103,45.104167
-95.093103,45.156250
-95.093103,45.156250
-95.194828,45.208333
-95.194828,45.260417
-95.194828,45.260417
-95.194828,45.260417
-95.296552,45.312500
-95.296552,45.312500
-95.296552,45.416667
-95.398276,45.468750
-95.398276,45.520833
-95.398276,45.520833
-95.398276,45.520833
-95.398276,45.572917
-95.398276,45.625000
-95.398276,45.677083
-95.398276,45.677083
-95.398276,45.729167
-95.398276,45.729167
-95.500000,45.781250
-95.500000,45.833333
-95.500000,45.833333
-95.500000,45.885417
-95.500000,45.937500
-95.500000,45.937500
-95.601724,46.041667
-95.601724,46.145833
-95.601724,46.145833
-95.703448,46.145833
-95.703448,46.197917
-95.703448,46.250000
-95.703448,46.250000
-95.703448,46.250000
-95.703448,46.302083
-95.703448,46.354167
-95.805172,46.406250
-95.805172,46.510417
-95.805172,46.510417
-95.805172,46.562500
-95.805172,46.614583
-95.906897,46.666667
-95.906897,46.666667
-96.008621,46.718750
-96.008621,46.718750
-96.008621,46.770833
-96.008621,46.770833
-96.008621,46.822917
-96.008621,46.822917
-96.008621,46.822917
-96.110345,46.875000
-96.110345,46.875000
-96.110345,46.927083
-96.212069,46.927083
-96.212069,46.979167
-96.212069,46.979167
-96.212069,47.031250
-96.212069,47.031250
-96.212069,47.031250
-96.313793,47.083333
-96.313793,47.083333
-96.313793,47.135417
-96.313793,47.135417
-96.313793,47.187500
-96.313793,47.239583
-96.313793,47.239583
-96.313793,47.291667
-96.313793,47.291667
-96.313793,47.291667
-96.313793,47.343750
-96.313793,47.447917
-96.415517,47.500000
-96.415517,47.552083
-96.415517,47.552083
-96.415517,47.604167
-96.415517,47.604167
-96.415517,47.656250
-96.517241,47.656250
-96.517241,47.708333
-96.517241,47.760417
-96.517241,47.760417
-96.517241,47.760417
-96.517241,47.760417
-96.517241,47.812500
-96.517241,47.812500
-96.517241,47.864583
-96.517241,47.916667
-96.618966,47.968750
-96.618966,48.020833
-96.618966,48.020833
-96.517241,48.125000
-96.517241,48.125000
-96.517241,48.125000
-96.517241,48.125000
-96.517241,48.177083
-96.415517,48.177083
-96.415517,48.229167
-96.415517,48.229167
-96.313793,48.229167
-96.313793,48.281250
-96.313793,48.281250
-96.313793,48.333333
-96.212069,48.333333
-96.212069,48.333333
-96.212069,48.385417
-96.212069,48.437500
-96.212069,48.437500
